"Data","Último","Abertura","Máxima","Mínima","Vol.","Var%"
"07.08.2020","63.900,0","63.500,0","63.900,0","63.500,0","0,15K","0,63%"
"06.08.2020","63.500,0","62.000,0","63.500,0","62.000,0","0,21K","2,58%"
"05.08.2020","61.903,1","59.950,0","61.903,1","59.950,0","0,25K","3,26%"
"04.08.2020","59.950,0","59.840,0","60.248,2","59.840,0","0,10K","0,18%"
"03.08.2020","59.840,0","58.682,1","59.840,0","58.280,0","0,23K","2,65%"
"02.08.2020","58.296,4","61.298,1","61.298,1","58.208,0","0,25K","-4,90%"
"01.08.2020","61.298,1","59.163,5","61.298,1","59.163,5","0,22K","3,61%"
"31.07.2020","59.163,5","57.330,0","59.163,5","57.330,0","0,24K","3,20%"
"30.07.2020","57.330,0","57.451,0","57.451,0","56.891,0","0,21K","-0,21%"
"29.07.2020","57.451,0","56.165,0","57.451,0","56.165,0","0,35K","2,29%"
"28.07.2020","56.165,0","55.300,0","56.656,0","55.300,0","0,38K","1,26%"
"27.07.2020","55.465,0","50.405,0","55.465,0","50.405,0","0,92K","10,04%"
"26.07.2020","50.405,0","50.400,2","50.500,8","50.400,2","0,12K","0,01%"
"25.07.2020","50.400,2","50.150,0","50.400,2","50.100,0","0,07K","0,50%"
"24.07.2020","50.150,0","49.850,0","50.150,0","49.850,0","0,10K","0,60%"
"23.07.2020","49.850,0","49.321,0","49.850,0","49.321,0","0,15K","1,07%"
"22.07.2020","49.321,0","49.143,0","49.321,0","49.110,6","0,21K","0,36%"
"21.07.2020","49.143,0","49.748,0","49.748,0","49.143,0","0,13K","-1,22%"
"20.07.2020","49.748,0","49.680,0","49.748,0","49.680,0","0,12K","0,14%"
"19.07.2020","49.680,0","49.636,0","49.680,0","49.636,0","0,02K","0,09%"
"18.07.2020","49.636,0","49.999,9","49.999,9","49.600,1","0,02K","-0,73%"
"17.07.2020","49.999,9","49.320,0","49.999,9","49.320,0","0,12K","1,38%"
"16.07.2020","49.320,0","49.868,0","49.868,0","49.320,0","0,21K","-1,10%"
"15.07.2020","49.868,0","50.073,4","50.100,1","49.868,0","0,15K","-0,41%"
"14.07.2020","50.073,4","50.042,2","50.124,0","50.042,2","0,13K","0,06%"
"13.07.2020","50.042,2","49.920,0","50.042,2","49.800,4","0,15K","0,24%"
"12.07.2020","49.920,0","49.743,0","49.920,0","49.743,0","0,02K","0,36%"
"11.07.2020","49.743,0","49.905,9","49.905,9","49.743,0","0,01K","-0,33%"
"10.07.2020","49.905,9","49.899,0","49.905,9","49.899,0","0,13K","0,01%"
"09.07.2020","49.899,0","50.360,1","50.360,1","49.899,0","0,15K","-0,92%"
"08.07.2020","50.360,1","49.900,1","50.360,1","49.900,1","0,18K","0,92%"
"07.07.2020","49.900,1","49.890,0","49.900,1","49.707,0","0,13K","0,02%"
"06.07.2020","49.890,0","49.047,1","49.890,0","48.970,0","0,13K","1,72%"
"05.07.2020","49.047,1","49.262,9","49.262,9","48.800,0","0,03K","-0,44%"
"04.07.2020","49.262,9","49.075,0","49.400,0","48.750,0","0,02K","0,38%"
"03.07.2020","49.075,0","49.209,6","49.900,0","48.701,0","0,14K","-0,27%"
"02.07.2020","49.209,6","49.990,0","50.000,0","48.100,0","0,21K","-1,56%"
"01.07.2020","49.990,0","50.200,0","50.487,0","49.710,0","0,11K","-0,42%"
"30.06.2020","50.200,0","49.840,0","50.500,0","49.667,0","0,11K","0,72%"
"29.06.2020","49.840,0","49.948,7","50.062,3","49.314,0","0,08K","-0,22%"
"28.06.2020","49.948,7","49.678,2","50.000,0","49.501,1","0,02K","0,54%"
"27.06.2020","49.678,2","49.915,1","50.050,0","49.299,0","0,04K","-0,47%"
"26.06.2020","49.915,1","49.755,0","50.250,0","49.260,0","0,11K","0,32%"
"25.06.2020","49.755,0","49.825,0","50.279,9","48.900,0","0,13K","-0,14%"
"24.06.2020","49.825,0","49.760,0","50.260,0","48.900,0","0,14K","0,13%"
"23.06.2020","49.760,0","50.721,0","50.959,0","49.750,0","0,17K","-1,89%"
"22.06.2020","50.721,0","49.763,0","51.000,0","49.660,0","0,13K","1,93%"
"21.06.2020","49.763,0","49.750,0","50.290,0","49.659,9","0,02K","0,03%"
"20.06.2020","49.750,0","49.900,0","49.900,0","49.602,7","0,02K","-0,30%"
"19.06.2020","49.900,0","50.500,0","50.770,0","49.551,2","0,11K","-1,00%"
"18.06.2020","50.405,0","49.499,8","50.900,0","49.278,4","0,16K","1,83%"
"17.06.2020","49.499,8","49.585,0","49.950,0","49.099,0","0,11K","-0,17%"
"16.06.2020","49.585,0","48.600,0","49.899,0","48.259,1","0,21K","2,03%"
"15.06.2020","48.600,0","47.750,0","48.950,0","46.112,5","0,21K","1,78%"
"14.06.2020","47.750,0","47.788,9","48.200,0","47.504,6","0,03K","-0,08%"
"13.06.2020","47.788,9","48.100,1","48.260,0","47.552,1","0,03K","-0,65%"
"12.06.2020","48.100,1","47.262,5","48.500,0","46.900,1","0,15K","1,77%"
"11.06.2020","47.262,5","49.350,0","49.549,8","46.500,0","0,24K","-4,23%"
"10.06.2020","49.350,0","48.388,5","49.500,0","47.801,0","0,15K","1,99%"
"09.06.2020","48.388,5","48.096,8","48.590,0","47.101,0","0,15K","0,61%"
"08.06.2020","48.096,9","49.394,4","49.395,0","47.040,0","0,23K","-2,63%"
"07.06.2020","49.394,4","49.072,9","50.490,0","47.650,0","0,15K","0,66%"
"06.06.2020","49.072,9","48.522,2","49.500,0","48.200,0","0,06K","0,73%"
"05.06.2020","48.715,1","50.400,6","50.990,0","48.500,0","0,28K","-3,34%"
"04.06.2020","50.400,6","49.500,2","50.912,8","48.608,0","0,13K","1,82%"
"03.06.2020","49.500,2","50.442,1","51.399,0","48.600,0","0,34K","-1,87%"
"02.06.2020","50.442,1","54.000,0","54.439,0","49.900,0","0,46K","-6,59%"
"01.06.2020","54.000,0","50.861,1","54.998,0","50.806,0","0,32K","6,17%"
"31.05.2020","50.861,1","51.499,9","51.596,0","50.710,1","0,04K","-1,24%"
"30.05.2020","51.499,9","50.650,0","51.650,0","50.200,0","0,06K","1,68%"
"29.05.2020","50.650,0","51.702,4","51.910,0","50.650,0","0,14K","-2,04%"
"28.05.2020","51.702,4","49.168,0","51.990,0","48.650,0","0,29K","5,15%"
"27.05.2020","49.168,0","47.799,9","49.920,0","47.275,0","0,23K","2,86%"
"26.05.2020","47.799,9","49.943,8","49.950,0","47.210,0","0,27K","-4,29%"
"25.05.2020","49.943,8","49.565,0","50.001,0","48.095,9","0,32K","0,76%"
"24.05.2020","49.565,0","51.601,0","51.990,0","49.500,0","0,14K","-3,95%"
"23.05.2020","51.601,0","51.620,3","52.300,0","51.288,0","0,05K","-0,04%"
"22.05.2020","51.620,3","51.305,0","52.499,0","50.551,0","0,26K","0,61%"
"21.05.2020","51.305,0","55.280,0","55.280,0","50.000,0","0,54K","-7,19%"
"20.05.2020","55.280,0","55.935,0","56.298,0","54.001,0","0,25K","-1,17%"
"19.05.2020","55.935,0","55.889,5","56.000,0","55.000,0","0,19K","0,08%"
"18.05.2020","55.889,5","55.600,0","56.480,0","55.000,0","0,21K","0,52%"
"17.05.2020","55.600,0","54.207,4","56.659,0","54.200,0","0,19K","2,57%"
"16.05.2020","54.207,4","53.898,0","54.890,0","53.500,0","0,08K","0,57%"
"15.05.2020","53.898,0","56.208,0","56.399,9","53.299,0","0,38K","-4,11%"
"14.05.2020","56.208,0","54.600,0","57.464,2","53.701,0","0,53K","2,95%"
"13.05.2020","54.600,0","51.335,0","55.000,0","51.202,0","0,48K","6,36%"
"12.05.2020","51.335,0","49.900,0","52.500,0","49.253,1","0,31K","2,88%"
"11.05.2020","49.900,0","49.498,9","54.000,0","48.010,0","0,87K","0,81%"
"10.05.2020","49.498,9","52.220,0","52.498,0","47.000,0","0,63K","-5,21%"
"09.05.2020","52.220,0","54.450,0","56.000,0","48.115,0","0,61K","-4,10%"
"08.05.2020","54.450,0","57.880,0","58.888,9","46.201,0","0,98K","-5,93%"
"07.05.2020","57.880,0","52.577,9","58.000,0","51.523,0","0,78K","10,04%"
"06.05.2020","52.600,0","49.655,0","53.080,6","49.451,0","0,60K","5,93%"
"05.05.2020","49.655,0","48.930,0","49.800,0","48.417,5","0,28K","1,38%"
"04.05.2020","48.976,9","48.744,6","49.460,0","47.800,0","0,33K","0,48%"
"03.05.2020","48.744,6","47.900,0","49.000,0","47.761,1","0,18K","1,76%"
"02.05.2020","47.900,0","47.699,0","48.200,0","47.262,5","0,09K","0,42%"
"01.05.2020","47.699,0","46.700,0","48.497,0","46.700,0","0,15K","2,14%"
"30.04.2020","46.700,0","46.443,2","48.500,0","45.000,0","0,71K","0,43%"
"29.04.2020","46.498,0","43.052,1","47.000,0","42.763,7","0,75K","8,00%"
"28.04.2020","43.052,1","43.392,0","43.900,0","42.600,1","0,30K","-0,78%"
"27.04.2020","43.392,0","41.715,0","44.000,0","41.715,0","0,39K","4,02%"
"26.04.2020","41.715,0","41.212,0","42.000,0","41.210,0","0,06K","1,22%"
"25.04.2020","41.212,0","41.050,0","41.900,0","41.000,0","0,09K","0,39%"
"24.04.2020","41.050,0","40.065,1","42.498,0","39.600,0","0,52K","2,50%"
"23.04.2020","40.050,0","38.000,3","41.000,0","37.809,0","0,61K","5,39%"
"22.04.2020","38.000,3","36.801,0","38.400,0","36.661,1","0,30K","3,26%"
"21.04.2020","36.800,0","36.807,7","36.989,2","36.510,0","0,04K","-0,02%"
"20.04.2020","36.807,7","37.158,0","37.666,0","36.401,0","0,20K","-0,94%"
"19.04.2020","37.158,0","37.520,0","37.520,0","37.000,0","0,04K","-0,69%"
"18.04.2020","37.415,0","37.119,6","37.700,0","36.835,0","0,09K","0,80%"
"17.04.2020","37.119,6","37.000,0","37.500,0","36.701,0","0,14K","0,32%"
"16.04.2020","37.001,0","35.166,4","37.400,0","34.700,0","0,34K","5,22%"
"15.04.2020","35.166,4","35.750,0","36.400,0","35.150,0","0,19K","-1,63%"
"14.04.2020","35.750,0","35.880,0","36.700,0","35.690,0","0,21K","-0,36%"
"13.04.2020","35.880,0","36.211,0","36.529,6","34.500,9","0,34K","-0,91%"
"12.04.2020","36.210,0","36.159,9","37.450,0","35.512,5","0,07K","1,28%"
"11.04.2020","35.750,7","35.800,0","36.400,0","35.360,0","0,07K","-0,14%"
"10.04.2020","35.800,0","37.250,1","37.590,0","35.107,5","0,17K","-3,89%"
"09.04.2020","37.250,1","37.850,0","38.073,1","37.000,0","0,23K","-1,27%"
"08.04.2020","37.730,0","37.250,1","38.482,2","37.250,0","0,20K","1,29%"
"07.04.2020","37.250,1","37.900,0","38.897,0","36.600,5","0,40K","-1,71%"
"06.04.2020","37.900,0","35.320,4","37.900,0","35.320,4","0,48K","7,30%"
"05.04.2020","35.320,4","35.800,0","35.800,0","35.260,0","0,05K","-1,34%"
"04.04.2020","35.800,0","35.600,0","36.000,0","35.351,1","0,08K","0,56%"
"03.04.2020","35.600,0","34.756,0","36.000,0","34.500,0","0,33K","2,43%"
"02.04.2020","34.756,0","33.511,0","36.500,0","33.099,0","0,72K","3,72%"
"01.04.2020","33.511,0","32.769,0","33.700,0","32.000,0","0,31K","2,26%"
"31.03.2020","32.769,0","33.198,2","33.500,0","31.509,1","0,34K","-1,29%"
"30.03.2020","33.198,2","31.095,0","33.606,1","31.000,0","0,27K","6,76%"
"29.03.2020","31.095,0","32.250,0","32.394,0","31.000,0","0,10K","-3,58%"
"28.03.2020","32.250,0","33.102,8","33.187,0","31.245,0","0,18K","-2,58%"
"27.03.2020","33.102,8","33.998,0","34.250,0","32.900,0","0,18K","-2,63%"
"26.03.2020","33.998,0","33.725,1","34.080,0","33.300,0","0,17K","0,81%"
"25.03.2020","33.725,1","34.200,0","34.650,0","33.502,0","0,25K","-1,39%"
"24.03.2020","34.200,0","32.606,3","34.487,0","32.500,0","0,35K","4,89%"
"23.03.2020","32.606,3","31.000,0","33.349,0","30.701,0","0,31K","5,18%"
"22.03.2020","31.000,0","32.170,0","32.650,0","30.800,0","0,12K","-3,64%"
"21.03.2020","32.170,0","31.820,5","32.990,0","30.900,1","0,14K","1,10%"
"20.03.2020","31.820,5","32.159,0","35.789,0","29.500,0","0,72K","-1,05%"
"19.03.2020","32.159,0","27.700,4","33.000,0","27.351,0","0,78K","16,10%"
"18.03.2020","27.700,4","27.345,6","28.000,0","26.300,0","0,30K","1,30%"
"17.03.2020","27.345,6","25.720,2","27.998,0","25.200,0","0,41K","6,32%"
"16.03.2020","25.720,2","27.999,0","27.999,0","24.000,0","0,73K","-8,14%"
"15.03.2020","27.999,0","27.300,0","30.000,0","26.530,0","0,17K","2,56%"
"14.03.2020","27.300,0","28.995,0","29.000,0","26.500,0","0,19K","-5,85%"
"13.03.2020","28.995,0","25.999,9","34.500,0","20.510,0","1,38K","11,52%"
"12.03.2020","25.999,9","38.429,9","38.600,0","25.500,0","1,09K","-32,34%"
"11.03.2020","38.429,9","37.359,9","38.660,0","36.250,0","0,23K","2,86%"
"10.03.2020","37.359,9","38.249,0","39.225,0","36.784,1","0,30K","-2,32%"
"09.03.2020","38.249,0","38.612,5","40.270,0","37.000,0","0,50K","-0,94%"
"08.03.2020","38.612,5","41.453,1","41.453,1","38.601,0","0,16K","-6,85%"
"07.03.2020","41.453,1","42.300,0","42.441,9","41.350,0","0,05K","-2,00%"
"06.03.2020","42.300,0","42.100,0","42.900,7","41.612,3","0,18K","0,48%"
"05.03.2020","42.100,0","40.355,0","42.962,5","40.049,3","0,24K","4,32%"
"04.03.2020","40.355,0","39.963,4","40.700,0","39.603,8","0,15K","0,98%"
"03.03.2020","39.963,4","40.300,0","40.732,2","39.500,0","0,14K","-1,08%"
"02.03.2020","40.399,1","38.750,0","40.799,2","38.550,0","0,20K","4,26%"
"01.03.2020","38.750,0","39.000,1","39.348,9","38.450,0","0,08K","-0,64%"
"29.02.2020","39.000,1","39.578,1","39.757,0","39.000,1","0,04K","-1,46%"
"28.02.2020","39.578,1","40.000,0","40.493,9","38.300,0","0,17K","-1,05%"
"27.02.2020","40.000,0","39.750,0","41.020,3","38.505,1","0,29K","0,63%"
"26.02.2020","39.750,0","41.677,1","41.988,0","38.900,0","0,34K","-4,62%"
"25.02.2020","41.677,1","42.913,9","43.000,0","41.501,0","0,09K","-2,88%"
"24.02.2020","42.913,9","43.726,2","43.769,0","42.502,0","0,05K","-1,86%"
"23.02.2020","43.726,2","42.970,0","43.789,0","42.771,0","0,04K","1,76%"
"22.02.2020","42.970,0","43.000,0","43.479,9","42.757,4","0,03K","-0,07%"
"21.02.2020","43.000,0","42.550,0","43.999,0","42.450,0","0,14K","1,30%"
"20.02.2020","42.450,0","43.097,5","43.999,0","42.101,0","0,23K","-1,50%"
"19.02.2020","43.097,5","44.220,1","44.900,0","41.800,0","0,24K","-2,54%"
"18.02.2020","44.220,1","42.400,4","44.900,0","42.317,4","0,28K","4,29%"
"17.02.2020","42.400,4","43.400,0","43.449,6","41.101,0","0,29K","-2,30%"
"16.02.2020","43.400,0","43.230,0","44.000,0","42.500,0","0,12K","0,39%"
"15.02.2020","43.230,0","44.660,5","45.100,0","42.500,0","0,19K","-3,20%"
"14.02.2020","44.660,5","44.607,9","45.200,0","44.450,0","0,14K","-0,03%"
"13.02.2020","44.675,0","45.110,0","45.500,0","44.385,0","0,25K","-0,96%"
"12.02.2020","45.110,0","44.194,0","45.430,0","44.194,0","0,29K","1,94%"
"11.02.2020","44.250,0","42.771,0","44.700,0","42.250,0","0,38K","3,46%"
"10.02.2020","42.771,0","43.850,0","43.990,0","41.850,0","0,30K","-2,46%"
"09.02.2020","43.850,0","42.590,0","44.000,0","42.590,0","0,16K","2,96%"
"08.02.2020","42.590,0","42.285,0","42.700,0","42.000,0","0,09K","0,72%"
"07.02.2020","42.285,0","41.800,0","42.500,0","41.696,0","0,23K","1,16%"
"06.02.2020","41.800,0","40.690,0","42.000,0","40.501,0","0,24K","2,73%"
"05.02.2020","40.690,0","39.376,0","41.202,0","39.050,0","0,35K","3,34%"
"04.02.2020","39.376,0","39.700,0","39.914,0","38.700,0","0,21K","-0,82%"
"03.02.2020","39.700,0","40.198,1","40.501,0","39.402,0","0,19K","-1,24%"
"02.02.2020","40.198,1","39.935,9","40.501,0","39.600,0","0,10K","0,66%"
"01.02.2020","39.935,9","39.890,8","40.205,0","39.700,0","0,05K","0,11%"
"31.01.2020","39.890,8","39.991,0","40.299,0","39.000,0","0,25K","-0,29%"
"30.01.2020","40.005,0","39.185,1","40.588,9","38.551,1","0,49K","2,09%"
"29.01.2020","39.185,1","38.950,0","39.530,0","38.450,0","0,38K","0,68%"
"28.01.2020","38.920,0","37.000,2","39.000,0","37.000,0","0,41K","5,19%"
"27.01.2020","37.000,2","35.950,0","37.790,0","35.891,3","0,37K","2,92%"
"26.01.2020","35.950,0","35.177,2","35.977,0","35.056,2","0,04K","2,20%"
"25.01.2020","35.177,2","35.649,1","35.800,0","35.010,0","0,05K","-1,32%"
"24.01.2020","35.649,1","35.230,0","36.000,0","34.450,0","0,19K","1,23%"
"23.01.2020","35.216,0","36.595,8","36.640,0","34.590,0","0,25K","-3,77%"
"22.01.2020","36.595,8","36.919,5","37.000,0","36.500,0","0,13K","-0,88%"
"21.01.2020","36.919,5","36.650,0","37.000,0","36.350,0","0,15K","0,74%"
"20.01.2020","36.650,0","36.599,7","36.996,1","35.619,0","0,21K","0,14%"
"19.01.2020","36.599,7","37.260,0","38.000,0","35.501,0","0,21K","-1,77%"
"18.01.2020","37.260,0","37.226,5","37.500,0","37.055,0","0,09K","0,09%"
"17.01.2020","37.226,5","36.471,8","37.499,0","36.386,0","0,26K","2,07%"
"16.01.2020","36.471,8","36.879,4","36.919,8","35.710,0","0,24K","-1,11%"
"15.01.2020","36.879,4","36.223,0","37.200,0","35.463,0","0,31K","1,81%"
"14.01.2020","36.223,0","33.518,9","36.500,0","33.384,5","0,68K","8,07%"
"13.01.2020","33.518,9","33.188,0","33.798,0","32.900,0","0,21K","1,00%"
"12.01.2020","33.188,0","32.860,0","33.470,0","32.515,2","0,04K","1,00%"
"11.01.2020","32.860,0","33.208,8","33.450,4","32.800,0","0,07K","-1,05%"
"10.01.2020","33.208,8","32.276,5","33.369,8","31.800,0","0,24K","2,89%"
"09.01.2020","32.276,5","32.800,2","32.800,3","32.000,0","0,19K","-1,60%"
"08.01.2020","32.800,3","33.000,0","34.280,1","32.000,1","0,47K","-0,61%"
"07.01.2020","33.000,0","31.400,0","33.350,0","31.400,0","0,49K","5,10%"
"06.01.2020","31.400,0","29.741,0","31.500,0","29.650,1","0,28K","5,58%"
"05.01.2020","29.741,0","29.761,0","30.200,0","29.650,0","0,07K","-0,07%"
"04.01.2020","29.761,0","29.776,2","29.980,0","29.611,0","0,04K","-0,05%"
"03.01.2020","29.776,2","28.200,0","30.350,0","28.003,0","0,22K","5,59%"
"02.01.2020","28.200,0","29.140,0","30.000,0","28.100,0","0,14K","-3,42%"
"01.01.2020","29.199,0","29.201,1","29.399,0","29.100,0","0,02K","-0,01%"
"31.12.2019","29.201,1","29.699,9","29.999,8","29.057,0","0,08K","-1,68%"
"30.12.2019","29.699,9","29.820,0","30.200,0","29.400,0","0,17K","-0,40%"
"29.12.2019","29.820,0","29.775,0","30.210,0","29.560,5","0,03K","0,15%"
"28.12.2019","29.775,0","29.560,0","29.889,0","29.560,0","0,04K","0,73%"
"27.12.2019","29.560,0","29.600,0","29.894,4","29.033,0","0,15K","-0,14%"
"26.12.2019","29.600,0","29.630,6","30.200,0","29.501,0","0,15K","-0,10%"
"25.12.2019","29.630,6","29.830,3","29.919,0","29.500,0","0,03K","-0,67%"
"24.12.2019","29.830,3","30.100,0","31.048,0","29.550,0","0,11K","-0,90%"
"23.12.2019","30.100,0","30.650,0","31.500,0","30.050,0","0,25K","-1,79%"
"22.12.2019","30.650,0","29.329,0","30.800,0","29.329,0","0,08K","4,50%"
"21.12.2019","29.329,0","29.612,0","29.832,0","29.300,0","0,03K","-0,96%"
"20.12.2019","29.612,0","29.200,0","29.800,0","28.943,9","0,19K","1,41%"
"19.12.2019","29.200,0","29.920,0","30.027,0","28.676,2","0,19K","-2,41%"
"18.12.2019","29.920,0","27.009,1","30.500,0","26.401,0","0,38K","10,78%"
"17.12.2019","27.009,1","28.403,6","28.403,6","27.000,0","0,28K","-4,91%"
"16.12.2019","28.403,6","29.250,1","30.149,0","28.011,0","0,26K","-2,89%"
"15.12.2019","29.250,1","29.440,0","29.500,0","29.008,9","0,04K","-0,65%"
"14.12.2019","29.440,0","30.200,0","30.292,4","29.050,0","0,08K","-2,52%"
"13.12.2019","30.200,0","29.878,0","30.490,1","29.611,0","0,15K","1,08%"
"12.12.2019","29.878,0","29.900,0","30.200,0","29.498,9","0,20K","-0,07%"
"11.12.2019","29.900,0","30.190,0","30.370,9","29.530,0","0,19K","-0,96%"
"10.12.2019","30.190,0","30.595,0","30.949,1","30.103,0","0,21K","-1,32%"
"09.12.2019","30.595,0","31.201,0","31.546,2","30.522,2","0,20K","-1,94%"
"08.12.2019","31.201,0","31.285,0","31.450,0","30.862,0","0,04K","-0,27%"
"07.12.2019","31.285,0","31.255,4","31.490,0","31.176,0","0,03K","0,09%"
"06.12.2019","31.255,4","31.210,7","31.513,0","30.917,1","0,13K","0,14%"
"05.12.2019","31.210,7","30.897,5","31.600,0","30.650,0","0,15K","1,01%"
"04.12.2019","30.897,5","30.999,0","32.295,0","30.350,0","0,22K","-0,33%"
"03.12.2019","30.999,0","31.349,4","31.694,1","30.999,0","0,17K","-1,12%"
"02.12.2019","31.349,4","31.787,0","32.099,9","31.000,1","0,19K","-1,38%"
"01.12.2019","31.787,0","32.380,0","32.554,4","31.505,0","0,09K","-1,83%"
"30.11.2019","32.380,0","33.200,0","33.250,0","32.100,0","0,07K","-2,47%"
"29.11.2019","33.200,0","31.661,1","33.369,0","31.506,0","0,23K","4,57%"
"28.11.2019","31.750,0","32.500,0","32.999,0","31.599,9","0,27K","-2,31%"
"27.11.2019","32.500,0","30.750,0","33.000,0","29.700,0","0,36K","5,69%"
"26.11.2019","30.750,0","30.740,0","31.095,0","30.350,0","0,20K","0,03%"
"25.11.2019","30.740,0","29.699,9","31.500,0","28.800,0","0,35K","3,50%"
"24.11.2019","29.699,9","31.585,8","31.585,8","29.500,0","0,11K","-5,97%"
"23.11.2019","31.585,8","30.990,0","31.999,0","30.500,0","0,11K","1,89%"
"22.11.2019","31.000,0","32.555,0","33.499,0","29.400,1","0,78K","-5,14%"
"21.11.2019","32.681,3","34.081,0","34.100,0","31.712,0","0,34K","-4,16%"
"20.11.2019","34.100,0","34.550,1","34.777,7","34.035,0","0,12K","-1,30%"
"19.11.2019","34.550,1","34.910,6","35.190,0","34.002,0","0,17K","-1,03%"
"18.11.2019","34.910,6","36.200,0","36.399,0","34.051,0","0,22K","-3,56%"
"17.11.2019","36.200,0","36.299,0","36.455,8","36.061,0","0,03K","-0,27%"
"16.11.2019","36.299,0","36.040,0","36.300,0","36.000,0","0,04K","0,72%"
"15.11.2019","36.040,0","36.755,0","36.899,9","36.000,0","0,11K","-1,95%"
"14.11.2019","36.755,0","36.800,1","37.160,0","36.200,0","0,15K","-0,12%"
"13.11.2019","36.800,1","36.810,4","37.200,0","36.600,4","0,16K","-0,03%"
"12.11.2019","36.810,4","36.676,0","37.205,0","36.500,0","0,16K","0,30%"
"11.11.2019","36.700,0","37.570,0","37.700,0","36.500,0","0,20K","-2,32%"
"10.11.2019","37.570,0","36.937,0","37.820,0","36.801,5","0,09K","2,02%"
"09.11.2019","36.827,0","37.139,0","37.230,1","36.550,0","0,06K","-0,51%"
"08.11.2019","37.015,1","37.810,0","37.902,1","36.400,0","0,31K","-2,10%"
"07.11.2019","37.810,0","37.800,0","38.100,0","37.601,0","0,19K","-0,50%"
"06.11.2019","38.001,0","37.601,0","38.100,0","37.355,6","0,28K","1,06%"
"05.11.2019","37.601,0","37.500,0","37.845,0","37.300,0","0,19K","0,30%"
"04.11.2019","37.490,0","36.810,0","38.000,0","36.704,0","0,29K","1,85%"
"03.11.2019","36.810,0","37.100,0","37.150,0","36.800,0","0,04K","-0,59%"
"02.11.2019","37.030,0","36.848,0","37.143,9","36.802,8","0,04K","0,49%"
"01.11.2019","36.848,0","37.400,0","37.400,0","36.627,0","0,17K","-1,48%"
"31.10.2019","37.400,0","36.640,0","37.560,0","36.100,0","0,25K","2,07%"
"30.10.2019","36.640,0","37.550,0","37.558,1","36.500,0","0,21K","-2,42%"
"29.10.2019","37.550,0","36.710,0","37.750,0","36.604,0","0,34K","2,29%"
"28.10.2019","36.710,0","36.530,0","37.555,6","35.460,0","0,42K","0,30%"
"27.10.2019","36.600,0","35.802,0","37.850,0","35.132,0","0,31K","2,23%"
"26.10.2019","35.801,0","34.100,0","39.990,0","34.100,0","0,74K","4,99%"
"25.10.2019","34.100,0","30.500,1","34.600,0","30.500,0","0,54K","11,80%"
"24.10.2019","30.500,0","30.495,0","31.270,2","30.011,0","0,20K","0,02%"
"23.10.2019","30.495,0","33.379,0","33.380,0","30.300,0","0,46K","-8,29%"
"22.10.2019","33.251,0","34.110,0","34.498,7","33.250,0","0,18K","-2,52%"
"21.10.2019","34.110,0","33.790,0","34.500,0","33.629,2","0,24K","0,95%"
"20.10.2019","33.790,0","33.266,9","34.165,0","33.090,0","0,06K","1,57%"
"19.10.2019","33.266,9","33.346,0","33.618,6","33.070,0","0,04K","0,35%"
"18.10.2019","33.150,1","33.719,0","33.950,0","33.060,0","0,16K","-2,40%"
"17.10.2019","33.964,5","33.800,0","34.200,0","33.500,0","0,17K","0,49%"
"16.10.2019","33.800,0","34.300,0","34.500,0","33.500,0","0,18K","-1,04%"
"15.10.2019","34.155,0","34.505,1","34.979,7","34.100,1","0,22K","-1,01%"
"14.10.2019","34.505,1","34.648,0","34.950,0","34.230,4","0,16K","-0,41%"
"13.10.2019","34.648,0","34.720,0","35.300,0","34.365,0","0,07K","-0,21%"
"12.10.2019","34.720,0","34.455,6","35.000,0","34.450,0","0,04K","0,75%"
"11.10.2019","34.463,0","35.480,0","35.619,0","34.200,0","0,21K","-2,85%"
"10.10.2019","35.475,0","35.080,9","35.800,0","34.934,5","0,25K","0,79%"
"09.10.2019","35.198,7","33.750,0","35.500,0","33.500,0","0,40K","4,70%"
"08.10.2019","33.620,0","33.810,0","34.199,0","33.500,0","0,22K","-0,56%"
"07.10.2019","33.810,0","32.100,5","34.650,0","31.500,0","0,32K","5,33%"
"06.10.2019","32.100,5","33.450,0","33.649,9","32.100,0","0,08K","-4,03%"
"05.10.2019","33.450,0","33.720,0","33.924,6","33.000,0","0,07K","-1,04%"
"04.10.2019","33.800,0","34.248,3","34.248,3","33.600,0","0,21K","-1,31%"
"03.10.2019","34.248,3","35.325,0","35.500,0","33.700,0","0,27K","-2,57%"
"02.10.2019","35.150,1","35.200,0","35.500,0","34.599,0","0,23K","-0,03%"
"01.10.2019","35.160,6","34.505,0","36.000,0","34.500,0","0,35K","1,62%"
"30.09.2019","34.600,0","34.200,0","35.440,0","33.600,4","0,31K","1,73%"
"29.09.2019","34.010,4","34.798,0","34.798,0","33.650,0","0,07K","-2,26%"
"28.09.2019","34.798,0","34.900,0","35.200,0","34.374,0","0,12K","-0,54%"
"27.09.2019","34.987,0","34.458,1","35.490,8","33.500,0","0,45K","1,53%"
"26.09.2019","34.458,1","35.809,9","36.173,0","32.550,1","0,68K","-3,88%"
"25.09.2019","35.850,0","38.090,0","38.399,0","35.500,0","0,82K","-4,89%"
"24.09.2019","37.694,0","41.060,0","41.588,0","36.011,1","0,90K","-8,50%"
"23.09.2019","41.197,0","41.900,0","42.000,0","41.021,1","0,24K","-1,68%"
"22.09.2019","41.900,0","42.000,0","42.098,0","41.600,0","0,03K","-0,24%"
"21.09.2019","42.000,0","42.344,4","42.344,4","41.800,0","0,06K","-0,82%"
"20.09.2019","42.349,0","42.486,9","42.747,9","42.100,0","0,20K","0,12%"
"19.09.2019","42.300,0","42.026,1","42.824,6","40.800,0","0,39K","0,65%"
"18.09.2019","42.026,1","42.127,0","42.350,0","41.950,0","0,22K","-0,24%"
"17.09.2019","42.129,0","42.186,0","42.392,0","41.950,0","0,21K","-0,62%"
"16.09.2019","42.390,0","42.190,0","42.500,0","41.700,0","0,26K","0,47%"
"15.09.2019","42.190,0","42.201,3","42.378,9","42.000,0","0,03K","-0,03%"
"14.09.2019","42.201,3","42.280,0","42.400,0","42.120,0","0,05K","-0,37%"
"13.09.2019","42.360,0","42.301,0","42.480,0","41.950,0","0,19K","0,14%"
"12.09.2019","42.300,0","41.697,0","42.500,0","41.300,0","0,24K","1,90%"
"11.09.2019","41.511,1","41.901,0","42.039,0","41.202,0","0,28K","-0,93%"
"10.09.2019","41.901,0","42.580,0","42.856,1","41.500,0","0,32K","-1,59%"
"09.09.2019","42.580,0","42.960,0","43.200,0","42.187,0","0,29K","-0,77%"
"08.09.2019","42.911,0","43.171,0","43.297,0","42.800,0","0,07K","-0,60%"
"07.09.2019","43.171,0","43.172,7","43.445,8","42.807,3","0,06K","-0,00%"
"06.09.2019","43.172,7","43.795,0","44.500,0","42.550,0","0,46K","-1,42%"
"05.09.2019","43.795,0","43.600,0","43.970,0","43.300,0","0,22K","0,45%"
"04.09.2019","43.600,0","43.625,0","44.358,7","43.000,0","0,54K","-0,34%"
"03.09.2019","43.747,4","42.502,0","44.500,0","42.100,0","0,79K","2,93%"
"02.09.2019","42.500,0","40.779,0","43.050,0","40.360,0","0,51K","4,55%"
"01.09.2019","40.650,0","40.206,0","40.800,0","40.206,0","0,04K","0,56%"
"31.08.2019","40.424,9","40.400,9","40.900,0","39.964,5","0,08K","0,50%"
"30.08.2019","40.225,1","40.300,0","40.866,0","39.850,0","0,28K","-0,19%"
"29.08.2019","40.300,0","41.330,7","41.330,7","40.000,0","0,46K","-2,49%"
"28.08.2019","41.330,7","42.254,0","43.200,0","40.800,0","0,46K","-2,63%"
"27.08.2019","42.449,0","42.655,0","42.900,0","42.001,0","0,25K","-0,49%"
"26.08.2019","42.656,0","41.713,9","43.100,0","41.569,2","0,44K","2,26%"
"25.08.2019","41.713,9","41.667,0","42.312,1","41.500,0","0,05K","0,11%"
"24.08.2019","41.667,0","42.350,0","42.478,9","41.220,8","0,12K","-1,57%"
"23.08.2019","42.330,1","41.178,8","42.999,0","41.107,1","0,32K","2,80%"
"22.08.2019","41.178,8","41.331,2","41.920,0","40.310,0","0,32K","-0,82%"
"21.08.2019","41.520,0","43.650,0","44.020,9","40.700,0","0,63K","-5,55%"
"20.08.2019","43.960,6","44.427,0","44.580,0","43.000,0","0,34K","-1,05%"
"19.08.2019","44.427,0","41.990,3","44.830,0","41.630,0","0,52K","6,16%"
"18.08.2019","41.850,0","41.469,9","42.100,0","41.251,4","0,06K","0,92%"
"17.08.2019","41.469,9","42.000,0","42.200,0","41.111,1","0,09K","-1,58%"
"16.08.2019","42.135,0","41.900,0","42.490,0","40.550,0","0,37K","0,56%"
"15.08.2019","41.900,0","41.788,0","43.500,0","40.000,0","0,56K","0,27%"
"14.08.2019","41.788,0","43.739,9","43.850,0","41.050,0","0,55K","-4,70%"
"13.08.2019","43.849,0","45.500,0","45.748,6","43.500,0","0,51K","-3,42%"
"12.08.2019","45.400,0","45.800,0","46.500,0","45.009,3","0,25K","-0,87%"
"11.08.2019","45.800,0","45.300,0","45.800,0","45.000,0","0,08K","0,73%"
"10.08.2019","45.466,7","46.649,9","46.650,0","45.000,0","0,21K","-2,54%"
"09.08.2019","46.649,9","46.600,0","46.700,0","46.150,0","0,25K","-0,11%"
"08.08.2019","46.700,0","46.840,0","46.900,0","45.798,0","0,39K","0,00%"
"07.08.2019","46.700,0","45.271,7","47.825,0","44.600,0","0,80K","3,20%"
"06.08.2019","45.250,0","45.477,0","46.453,0","44.139,0","1,01K","-0,50%"
"05.08.2019","45.477,0","41.516,0","46.300,0","41.503,0","1,57K","9,20%"
"04.08.2019","41.644,0","41.350,0","42.000,0","41.045,0","0,19K","0,59%"
"03.08.2019","41.400,0","40.683,0","41.960,0","40.401,1","0,31K","1,76%"
"02.08.2019","40.683,0","39.362,0","41.759,0","39.200,0","0,78K","3,26%"
"01.08.2019","39.400,0","37.850,0","40.000,0","37.800,0","0,50K","3,68%"
"31.07.2019","38.000,0","36.985,0","38.200,0","36.750,0","0,41K","3,40%"
"30.07.2019","36.750,0","36.350,0","38.400,0","36.050,0","0,35K","0,86%"
"29.07.2019","36.438,0","36.555,0","36.800,0","36.080,0","0,25K","-0,32%"
"28.07.2019","36.555,0","36.790,0","37.363,6","36.051,1","0,10K","-0,64%"
"27.07.2019","36.790,0","37.578,0","38.200,0","36.258,0","0,28K","-2,61%"
"26.07.2019","37.775,0","37.989,0","37.989,0","37.300,0","0,27K","-0,11%"
"25.07.2019","37.815,0","37.273,0","38.460,0","37.115,0","0,36K","1,45%"
"24.07.2019","37.273,0","37.900,5","37.999,7","36.523,0","0,45K","-1,66%"
"23.07.2019","37.900,5","38.551,2","38.840,0","37.500,0","0,41K","-2,42%"
"22.07.2019","38.840,0","39.400,0","39.760,0","38.251,1","0,39K","-1,32%"
"21.07.2019","39.360,0","39.603,0","39.980,0","39.000,0","0,12K","-0,10%"
"20.07.2019","39.400,0","38.998,0","40.500,0","38.200,0","0,38K","1,03%"
"19.07.2019","38.998,0","38.901,1","39.489,9","38.000,0","0,57K","-0,01%"
"18.07.2019","39.000,0","36.920,0","40.000,0","34.500,0","1,24K","5,63%"
"17.07.2019","36.920,0","35.400,0","38.500,0","34.300,0","0,79K","4,29%"
"16.07.2019","35.400,0","41.990,0","42.279,0","35.000,0","0,99K","-15,69%"
"15.07.2019","41.990,0","40.599,0","42.300,0","39.001,0","0,62K","3,43%"
"14.07.2019","40.599,0","43.985,0","44.100,0","40.500,0","0,35K","-7,70%"
"13.07.2019","43.985,0","44.871,5","44.990,0","42.000,0","0,28K","-1,98%"
"12.07.2019","44.871,5","43.411,1","45.499,0","42.900,0","0,39K","3,35%"
"11.07.2019","43.415,0","46.385,1","46.612,0","42.600,0","0,73K","-6,40%"
"10.07.2019","46.385,1","47.232,0","49.800,0","44.102,0","1,17K","-1,80%"
"09.07.2019","47.233,0","46.027,3","47.602,1","46.027,3","0,52K","2,57%"
"08.07.2019","46.050,0","43.979,1","46.495,0","43.650,1","0,71K","5,01%"
"07.07.2019","43.854,9","43.325,3","43.990,0","43.000,0","0,07K","1,22%"
"06.07.2019","43.325,3","42.650,0","44.293,0","42.650,0","0,18K","1,58%"
"05.07.2019","42.650,0","43.109,1","44.499,0","42.245,0","0,50K","-1,07%"
"04.07.2019","43.109,1","44.950,0","45.735,1","43.000,0","0,60K","-3,78%"
"03.07.2019","44.802,0","41.599,0","44.990,7","41.255,0","0,88K","7,70%"
"02.07.2019","41.599,0","41.500,0","42.430,0","38.000,0","0,84K","0,24%"
"01.07.2019","41.500,0","43.290,0","44.198,4","38.202,0","1,06K","-4,13%"
"30.06.2019","43.290,0","45.975,0","46.300,0","42.581,0","0,39K","-5,89%"
"29.06.2019","45.999,0","47.547,0","47.600,0","44.010,0","0,37K","-3,26%"
"28.06.2019","47.547,0","43.498,9","47.990,0","42.001,1","0,89K","9,31%"
"27.06.2019","43.498,9","50.330,0","51.200,0","40.000,0","1,77K","-13,85%"
"26.06.2019","50.495,0","46.499,0","54.900,0","42.000,0","2,22K","9,30%"
"25.06.2019","46.200,0","42.325,0","46.500,0","42.320,0","0,84K","8,86%"
"24.06.2019","42.440,0","40.748,0","42.699,3","40.275,0","0,55K","4,15%"
"23.06.2019","40.750,0","40.123,3","41.500,0","40.000,0","0,22K","1,56%"
"22.06.2019","40.123,3","39.499,9","42.950,0","38.000,0","0,95K","1,58%"
"21.06.2019","39.500,0","36.686,0","39.500,0","36.500,0","0,61K","7,67%"
"20.06.2019","36.686,0","35.800,0","36.799,0","35.600,0","0,21K","2,47%"
"19.06.2019","35.800,1","35.228,0","35.850,0","35.200,0","0,31K","1,62%"
"18.06.2019","35.228,0","35.878,6","35.995,0","34.902,0","0,42K","-1,81%"
"17.06.2019","35.878,6","34.295,0","36.000,0","34.018,4","0,69K","4,65%"
"16.06.2019","34.285,0","33.950,0","35.399,0","33.400,0","0,28K","0,99%"
"15.06.2019","33.950,0","33.729,0","34.100,0","33.450,0","0,16K","0,66%"
"14.06.2019","33.729,0","32.220,0","33.990,0","31.900,0","0,44K","4,65%"
"13.06.2019","32.230,0","31.802,0","32.897,0","31.454,0","0,51K","1,35%"
"12.06.2019","31.802,0","31.148,0","31.998,0","30.730,0","0,40K","2,10%"
"11.06.2019","31.148,0","31.314,1","31.539,4","30.300,0","0,36K","-0,53%"
"10.06.2019","31.314,1","30.306,2","31.600,0","30.286,6","0,32K","3,33%"
"09.06.2019","30.306,2","31.498,5","31.498,5","30.003,0","0,12K","-3,79%"
"08.06.2019","31.498,5","31.682,5","31.890,1","31.000,0","0,11K","-0,58%"
"07.06.2019","31.682,5","30.551,0","31.999,0","30.399,0","0,39K","3,70%"
"06.06.2019","30.551,0","31.185,0","31.197,5","29.500,0","0,38K","-2,03%"
"05.06.2019","31.185,0","30.060,3","31.989,0","30.000,0","0,60K","3,74%"
"04.06.2019","30.060,3","32.945,0","32.950,0","29.501,0","0,92K","-8,76%"
"03.06.2019","32.945,0","34.647,0","34.772,0","32.101,0","0,51K","-4,91%"
"02.06.2019","34.647,0","34.489,1","34.850,0","34.201,0","0,07K","0,46%"
"01.06.2019","34.489,1","34.742,5","34.742,5","34.200,0","0,07K","-0,73%"
"31.05.2019","34.742,5","33.962,0","34.788,0","33.200,0","0,46K","2,30%"
"30.05.2019","33.962,0","34.980,0","35.800,0","32.803,0","0,68K","-2,91%"
"29.05.2019","34.980,0","35.480,1","35.600,0","34.900,0","0,39K","-1,74%"
"28.05.2019","35.600,0","35.533,0","35.700,0","35.000,0","0,38K","0,19%"
"27.05.2019","35.533,0","33.755,0","35.950,0","33.755,0","0,61K","5,27%"
"26.05.2019","33.755,0","32.598,0","34.000,0","32.200,0","0,35K","3,86%"
"25.05.2019","32.499,0","32.450,0","32.665,0","32.320,0","0,07K","0,54%"
"24.05.2019","32.323,0","32.099,0","32.849,0","31.750,0","0,36K","0,70%"
"23.05.2019","32.099,0","31.721,0","32.399,0","31.050,0","0,34K","1,19%"
"22.05.2019","31.721,0","32.770,0","32.900,0","31.500,0","0,46K","-3,20%"
"21.05.2019","32.770,0","32.690,0","32.999,0","32.250,0","0,36K","0,24%"
"20.05.2019","32.690,0","32.470,0","33.010,0","31.550,0","0,53K","0,68%"
"19.05.2019","32.470,0","30.240,0","32.700,0","30.240,0","0,34K","7,37%"
"18.05.2019","30.240,0","30.800,0","31.000,0","30.017,0","0,13K","-1,82%"
"17.05.2019","30.800,0","32.300,0","32.400,0","27.508,0","0,98K","-4,64%"
"16.05.2019","32.300,0","32.950,0","33.390,0","31.750,0","0,58K","-1,97%"
"15.05.2019","32.950,0","32.290,0","33.295,0","31.907,0","0,61K","2,02%"
"14.05.2019","32.298,0","31.799,9","33.298,0","30.200,0","0,99K","1,57%"
"13.05.2019","31.799,9","26.310,1","33.300,0","26.180,9","1,23K","20,87%"
"12.05.2019","26.310,1","29.098,9","29.098,9","25.100,0","0,44K","-9,34%"
"11.05.2019","29.020,0","25.680,0","29.323,7","25.510,0","0,42K","13,01%"
"10.05.2019","25.680,0","24.800,0","25.954,0","24.700,0","0,67K","3,55%"
"09.05.2019","24.800,0","23.800,0","24.900,0","23.700,1","0,42K","4,20%"
"08.05.2019","23.800,0","23.690,0","23.848,0","23.300,0","0,42K","0,42%"
"07.05.2019","23.700,0","23.020,0","24.000,0","22.885,0","0,55K","2,95%"
"06.05.2019","23.020,0","22.930,0","23.125,0","22.650,0","0,36K","0,39%"
"05.05.2019","22.930,0","23.100,0","23.170,3","22.850,0","0,08K","-0,74%"
"04.05.2019","23.100,0","22.898,6","23.190,0","22.401,0","0,18K","0,88%"
"03.05.2019","22.898,6","21.900,0","23.150,0","21.670,0","0,78K","4,56%"
"02.05.2019","21.900,0","21.169,0","21.998,0","21.100,1","0,47K","3,45%"
"01.05.2019","21.169,0","21.090,0","21.398,0","21.090,0","0,11K","0,37%"
"30.04.2019","21.090,0","20.946,7","21.497,0","20.675,0","0,46K","0,68%"
"29.04.2019","20.946,7","21.081,9","21.500,0","20.459,1","0,45K","-0,64%"
"28.04.2019","21.081,9","21.353,3","21.534,8","20.900,0","0,08K","-0,81%"
"27.04.2019","21.253,0","20.810,2","21.799,0","20.614,1","0,24K","2,13%"
"26.04.2019","20.810,2","21.489,9","21.799,0","20.200,0","0,59K","-2,76%"
"25.04.2019","21.400,0","22.115,0","22.300,0","21.001,1","0,47K","-3,67%"
"24.04.2019","22.215,0","22.258,0","22.570,0","21.789,4","0,54K","-0,19%"
"23.04.2019","22.258,0","21.750,9","22.675,9","21.490,0","0,55K","2,33%"
"22.04.2019","21.750,9","21.195,0","21.989,0","21.080,0","0,46K","3,15%"
"21.04.2019","21.086,0","21.248,0","21.278,0","21.020,0","0,07K","-0,76%"
"20.04.2019","21.248,0","21.015,1","21.279,7","21.015,1","0,05K","1,11%"
"19.04.2019","21.015,1","21.123,0","21.260,0","20.871,0","0,11K","-0,51%"
"18.04.2019","21.123,0","20.957,5","21.350,0","20.753,0","0,36K","0,79%"
"17.04.2019","20.957,5","20.546,9","20.957,5","20.253,7","0,40K","2,00%"
"16.04.2019","20.546,9","19.922,0","20.550,0","19.800,0","0,35K","3,14%"
"15.04.2019","19.922,0","20.249,9","20.400,0","19.600,9","0,38K","-1,66%"
"14.04.2019","20.259,0","20.067,1","20.260,0","19.926,1","0,04K","0,96%"
"13.04.2019","20.067,1","20.200,7","20.449,0","20.015,0","0,07K","-0,66%"
"12.04.2019","20.200,7","19.938,9","20.500,0","19.500,0","0,36K","1,85%"
"11.04.2019","19.833,0","20.899,0","20.900,0","19.501,0","0,57K","-5,10%"
"10.04.2019","20.899,0","20.401,0","21.100,0","20.370,9","0,45K","1,96%"
"09.04.2019","20.498,0","20.698,5","20.899,0","20.351,0","0,48K","-0,97%"
"08.04.2019","20.698,5","20.202,0","20.860,0","20.050,0","0,42K","2,46%"
"07.04.2019","20.202,0","19.911,4","20.361,7","19.804,9","0,10K","1,46%"
"06.04.2019","19.911,4","19.899,9","20.350,0","19.657,0","0,19K","0,06%"
"05.04.2019","19.899,9","19.199,0","19.900,0","19.009,0","0,35K","3,65%"
"04.04.2019","19.199,0","19.740,0","19.950,0","18.765,4","0,51K","-2,74%"
"03.04.2019","19.740,0","19.100,1","20.999,9","18.001,0","0,91K","3,35%"
"02.04.2019","19.100,1","16.480,0","19.399,0","16.380,0","0,75K","15,90%"
"01.04.2019","16.480,0","16.450,0","16.580,0","16.182,0","0,49K","-0,08%"
"31.03.2019","16.493,9","16.499,0","16.649,0","16.370,0","0,08K","-0,03%"
"30.03.2019","16.499,0","16.350,0","16.499,0","16.230,0","0,11K","0,91%"
"29.03.2019","16.350,0","15.986,0","16.479,9","15.876,0","0,35K","2,96%"
"28.03.2019","15.880,0","16.090,0","16.199,0","15.782,0","0,36K","-1,08%"
"27.03.2019","16.054,0","15.579,0","16.250,0","15.452,4","0,34K","3,05%"
"26.03.2019","15.579,0","15.459,0","15.600,0","15.200,0","0,27K","0,78%"
"25.03.2019","15.459,0","15.916,0","16.050,0","15.222,0","0,43K","-2,96%"
"24.03.2019","15.930,0","16.030,0","16.050,0","15.903,9","0,02K","-0,62%"
"23.03.2019","16.030,0","15.945,0","16.286,0","15.851,0","0,14K","0,53%"
"22.03.2019","15.945,0","15.431,0","15.980,0","15.410,2","0,25K","3,33%"
"21.03.2019","15.431,0","15.500,0","15.600,0","15.340,0","0,28K","-0,45%"
"20.03.2019","15.500,0","15.499,0","15.500,0","15.295,0","0,29K","0,01%"
"19.03.2019","15.499,0","15.380,0","15.510,0","15.210,0","0,39K","1,37%"
"18.03.2019","15.289,0","15.197,9","15.447,0","15.060,0","0,31K","0,60%"
"17.03.2019","15.197,9","15.290,0","15.290,0","15.050,0","0,05K","-0,54%"
"16.03.2019","15.280,0","15.200,0","15.350,0","15.101,0","0,08K","0,55%"
"15.03.2019","15.196,0","15.050,0","15.243,0","14.985,0","0,27K","0,97%"
"14.03.2019","15.050,0","15.050,0","15.150,0","14.780,1","0,25K","0,00%"
"13.03.2019","15.050,0","14.997,9","15.100,0","14.837,0","0,23K","0,35%"
"12.03.2019","14.997,9","15.020,0","15.310,0","14.800,0","0,32K","-0,15%"
"11.03.2019","15.020,0","15.289,0","15.329,6","13.800,0","0,31K","-1,76%"
"10.03.2019","15.289,0","15.400,0","15.400,0","15.180,6","0,03K","-0,72%"
"09.03.2019","15.400,0","15.107,8","15.400,0","15.103,0","0,07K","1,93%"
"08.03.2019","15.107,8","15.234,5","15.450,0","14.990,8","0,38K","-0,83%"
"07.03.2019","15.234,5","14.850,0","15.300,0","14.730,0","0,26K","3,08%"
"06.03.2019","14.780,0","14.480,8","15.000,0","14.400,0","0,22K","2,07%"
"05.03.2019","14.480,8","14.250,0","14.600,0","14.200,0","0,07K","1,62%"
"04.03.2019","14.250,0","14.697,1","14.697,6","14.250,0","0,07K","-3,04%"
"03.03.2019","14.697,1","14.647,0","14.800,0","14.560,0","0,02K","-0,02%"
"02.03.2019","14.700,0","14.706,0","14.846,9","14.612,0","0,05K","-0,04%"
"01.03.2019","14.706,0","14.415,3","15.000,0","14.385,0","0,28K","2,02%"
"28.02.2019","14.415,3","14.400,0","14.810,0","14.306,0","0,24K","-0,09%"
"27.02.2019","14.429,0","14.557,0","14.600,0","14.101,0","0,24K","-0,88%"
"26.02.2019","14.557,0","14.572,0","14.746,0","14.342,0","0,27K","-0,10%"
"25.02.2019","14.572,0","14.475,0","14.789,0","14.265,0","0,25K","0,67%"
"24.02.2019","14.475,0","15.387,5","15.497,0","14.300,0","0,12K","-5,93%"
"23.02.2019","15.387,5","15.000,0","15.497,0","14.860,7","0,11K","2,58%"
"22.02.2019","15.000,0","14.875,0","15.094,0","14.861,5","0,20K","0,84%"
"21.02.2019","14.875,0","14.950,0","15.100,0","14.800,0","0,27K","-0,50%"
"20.02.2019","14.950,0","14.630,1","15.100,0","14.552,0","0,33K","2,19%"
"19.02.2019","14.630,1","14.560,7","14.924,9","14.422,0","0,29K","0,48%"
"18.02.2019","14.560,7","13.567,6","14.949,0","13.490,0","0,42K","7,32%"
"17.02.2019","13.567,6","13.680,0","13.680,0","13.471,9","0,04K","-0,28%"
"16.02.2019","13.605,1","13.437,0","13.695,0","13.419,0","0,06K","1,25%"
"15.02.2019","13.437,0","13.450,0","13.643,0","13.320,0","0,22K","-0,10%"
"14.02.2019","13.450,0","13.650,0","13.797,9","13.450,0","0,27K","-1,47%"
"13.02.2019","13.650,0","13.530,0","13.900,0","13.490,0","0,31K","0,59%"
"12.02.2019","13.570,0","13.770,9","13.900,0","13.500,0","0,29K","-1,46%"
"11.02.2019","13.770,9","13.410,3","13.900,0","13.321,0","0,26K","2,69%"
"10.02.2019","13.410,3","13.333,3","13.577,0","13.300,0","0,05K","0,08%"
"09.02.2019","13.400,0","13.400,0","13.539,4","13.311,0","0,07K","0,00%"
"08.02.2019","13.400,0","12.695,0","13.945,0","12.600,0","0,38K","5,55%"
"07.02.2019","12.695,0","12.660,1","12.769,0","12.580,0","0,16K","0,28%"
"06.02.2019","12.660,1","12.710,0","12.830,0","12.550,0","0,25K","-0,39%"
"05.02.2019","12.710,0","12.579,0","13.000,0","12.510,5","0,33K","1,04%"
"04.02.2019","12.579,0","12.570,0","12.750,0","12.460,3","0,20K","0,07%"
"03.02.2019","12.570,0","12.705,0","12.725,5","12.510,0","0,03K","-1,02%"
"02.02.2019","12.700,0","12.650,0","12.770,0","12.600,0","0,04K","0,40%"
"01.02.2019","12.650,0","12.747,2","12.837,0","12.502,0","0,19K","-0,76%"
"31.01.2019","12.747,2","12.955,0","12.955,0","12.500,3","0,25K","-1,60%"
"30.01.2019","12.955,0","12.838,0","13.150,0","12.705,0","0,19K","0,91%"
"29.01.2019","12.838,0","13.100,0","13.199,3","12.737,0","0,25K","-2,00%"
"28.01.2019","13.100,0","13.415,0","13.495,5","12.901,0","0,20K","-2,35%"
"27.01.2019","13.415,0","13.588,0","13.600,0","13.305,7","0,05K","-0,95%"
"26.01.2019","13.543,0","13.528,1","13.699,0","13.528,1","0,02K","0,11%"
"25.01.2019","13.528,1","13.656,6","13.728,0","13.500,0","0,17K","-0,94%"
"24.01.2019","13.656,6","13.588,3","13.760,0","13.501,0","0,14K","0,50%"
"23.01.2019","13.588,3","13.782,9","13.950,0","13.522,0","0,16K","-1,88%"
"22.01.2019","13.848,0","13.645,0","13.948,0","13.506,0","0,22K","1,82%"
"21.01.2019","13.600,0","13.669,3","13.739,2","13.500,0","0,09K","0,21%"
"20.01.2019","13.572,0","14.050,0","14.079,0","13.531,5","0,08K","-3,06%"
"19.01.2019","14.000,0","13.801,0","14.100,0","13.772,0","0,06K","1,44%"
"18.01.2019","13.801,0","13.766,5","14.085,0","13.625,3","0,21K","0,25%"
"17.01.2019","13.766,5","13.696,0","14.100,0","13.502,0","0,21K","0,51%"
"16.01.2019","13.696,0","13.617,2","14.369,0","13.616,5","0,24K","0,37%"
"15.01.2019","13.645,0","14.170,0","14.566,0","13.590,0","0,35K","-3,71%"
"14.01.2019","14.170,0","13.495,0","14.566,0","13.256,0","0,26K","5,00%"
"13.01.2019","13.495,0","13.890,0","13.980,0","13.221,8","0,08K","-2,84%"
"12.01.2019","13.890,0","13.932,9","14.299,9","13.760,4","0,07K","-0,31%"
"11.01.2019","13.932,9","13.811,0","14.394,0","13.700,0","0,30K","0,88%"
"10.01.2019","13.811,0","15.214,8","15.343,0","13.500,0","0,36K","-9,23%"
"09.01.2019","15.214,8","15.169,7","15.447,6","14.930,0","0,26K","0,30%"
"08.01.2019","15.169,7","15.112,0","15.499,0","15.021,1","0,23K","-0,20%"
"07.01.2019","15.200,0","15.081,0","15.300,0","14.900,0","0,14K","0,79%"
"06.01.2019","15.081,0","14.615,4","15.230,0","14.499,0","0,08K","3,19%"
"05.01.2019","14.615,4","14.718,7","15.188,0","14.554,0","0,06K","-0,70%"
"04.01.2019","14.718,7","14.750,0","15.197,0","14.250,0","0,23K","-0,21%"
"03.01.2019","14.750,0","15.108,0","15.387,0","14.485,0","0,32K","-2,37%"
"02.01.2019","15.108,1","15.201,0","15.359,9","14.900,0","0,20K","-0,60%"
"01.01.2019","15.200,0","14.884,0","15.200,0","14.790,0","0,03K","2,14%"